{
  "Anchors/pat=HTTP/1.1$": {
    "s": 0.05,
    "b": 0.51499550161941,
    "l": 0.75
  },
  "Anchors/pat=\\bGET\\b": {
    "s": 0.05,
    "b": 0.51499550161941,
    "l": 1
  },
  "Anchors/pat=^127.0.0.1": {
    "s": 0.05,
    "b": 0.51499550161941,
    "l": 0.3333333333333333
  },
  "Capturing/Email": {
    "s": 0.00007628928898382667,
    "b": 0.6592603884513855,
    "l": 0.2
  },
  "Capturing/URI": {
    "s": 0.00007628928898382667,
    "b": 0.8145725807070178,
    "l": 0.18181818181818182
  },
  "Landscape/S=0.01/B=1/L=0.10": {
    "s": 0.01,
    "b": 0.5,
    "l": 1
  },
  "Landscape/S=0.01/B=1/L=0.90": {
    "s": 0.01,
    "b": 0.5,
    "l": 1
  },
  "Landscape/S=0.01/B=10/L=0.10": {
    "s": 0.01,
    "b": 0.51499550161941,
    "l": 0.75
  },
  "Landscape/S=0.01/B=10/L=0.90": {
    "s": 0.01,
    "b": 0.51499550161941,
    "l": 0.75
  },
  "Landscape/S=0.01/B=50/L=0.10": {
    "s": 0.01,
    "b": 0.7271082163411295,
    "l": 0.25
  },
  "Landscape/S=0.01/B=50/L=0.90": {
    "s": 0.01,
    "b": 0.7271082163411295,
    "l": 0.25
  },
  "Landscape/S=0.10/B=1/L=0.10": {
    "s": 0.1,
    "b": 0.5,
    "l": 1
  },
  "Landscape/S=0.10/B=1/L=0.90": {
    "s": 0.1,
    "b": 0.5,
    "l": 1
  },
  "Landscape/S=0.10/B=10/L=0.10": {
    "s": 0.1,
    "b": 0.51499550161941,
    "l": 0.75
  },
  "Landscape/S=0.10/B=10/L=0.90": {
    "s": 0.1,
    "b": 0.51499550161941,
    "l": 0.75
  },
  "Landscape/S=0.10/B=50/L=0.10": {
    "s": 0.1,
    "b": 0.7271082163411295,
    "l": 0.25
  },
  "Landscape/S=0.10/B=50/L=0.90": {
    "s": 0.1,
    "b": 0.7271082163411295,
    "l": 0.25
  },
  "Landscape/S=0.50/B=1/L=0.10": {
    "s": 0.5,
    "b": 0.5,
    "l": 1
  },
  "Landscape/S=0.50/B=1/L=0.90": {
    "s": 0.5,
    "b": 0.5,
    "l": 1
  },
  "Landscape/S=0.50/B=10/L=0.10": {
    "s": 0.5,
    "b": 0.51499550161941,
    "l": 0.75
  },
  "Landscape/S=0.50/B=10/L=0.90": {
    "s": 0.5,
    "b": 0.51499550161941,
    "l": 0.75
  },
  "Landscape/S=0.50/B=50/L=0.10": {
    "s": 0.5,
    "b": 0.7271082163411295,
    "l": 0.25
  },
  "Landscape/S=0.50/B=50/L=0.90": {
    "s": 0.5,
    "b": 0.7271082163411295,
    "l": 0.25
  },
  "Landscape/S=0.90/B=1/L=0.10": {
    "s": 0.9,
    "b": 0.5,
    "l": 1
  },
  "Landscape/S=0.90/B=1/L=0.90": {
    "s": 0.9,
    "b": 0.5,
    "l": 1
  },
  "Landscape/S=0.90/B=10/L=0.10": {
    "s": 0.9,
    "b": 0.51499550161941,
    "l": 0.75
  },
  "Landscape/S=0.90/B=10/L=0.90": {
    "s": 0.9,
    "b": 0.51499550161941,
    "l": 0.75
  },
  "Landscape/S=0.90/B=50/L=0.10": {
    "s": 0.9,
    "b": 0.7271082163411295,
    "l": 0.25
  },
  "Landscape/S=0.90/B=50/L=0.90": {
    "s": 0.9,
    "b": 0.7271082163411295,
    "l": 0.25
  },
  "LargeAlternation/Count=10": {
    "s": 0.0000076290962286516434,
    "b": 0.8629487074245402,
    "l": 0.125
  },
  "LargeAlternation/Count=100": {
    "s": 0.0000076290962286516434,
    "b": 0.9999822658382175,
    "l": 0.023529411764705882
  },
  "LargeAlternation/Count=1000": {
    "s": 0.0000076290962286516434,
    "b": 1,
    "l": 0.00392156862745098
  },
  "LargeAlternation/Count=10000": {
    "s": 0.0000076290962286516434,
    "b": 1,
    "l": 0.0003403014098201264
  },
  "LiteralScan/pat=Sherlock": {
    "s": 0.000006584318786378361,
    "b": 0.5,
    "l": 1
  },
  "LiteralScan/pat=The Adventure of the Speckled Band": {
    "s": 0.000027983354842108035,
    "b": 0.5,
    "l": 1
  },
  "NFAWorstCase/Run": {
    "s": 0.01,
    "b": 0.6271477663131956,
    "l": 0.5
  },
  "StandardSuite/Alternation/(fo|foo)": {
    "s": 0.0038910505836575876,
    "b": 0.5938731029341427,
    "l": 0.6666666666666666
  },
  "StandardSuite/Anchored/^(?:a)$": {
    "s": 0.0029211295034079843,
    "b": 0.51499550161941,
    "l": 1
  },
  "StandardSuite/CharClass/(?i)[@-A]+": {
    "s": 0.005825242718446602,
    "b": 0.549833997312478,
    "l": 0
  },
  "StandardSuite/Complex/a+": {
    "s": 0.0038910505836575876,
    "b": 0.549833997312478,
    "l": 1
  },
  "StandardSuite/Literal/a": {
    "s": 0.0029211295034079843,
    "b": 0.5,
    "l": 1
  },
  "Synthetic/CCWarp": {
    "s": 1,
    "b": 0.5646362918030291,
    "l": 0
  },
  "Synthetic/PureDFA": {
    "s": 1,
    "b": 0.7989910002494707,
    "l": 0.16666666666666666
  },
  "Synthetic/SIMDWarp": {
    "s": 0.01,
    "b": 0.5,
    "l": 1
  },
  "Synthetic/SearchWarp": {
    "s": 0.01,
    "b": 0.549833997312478,
    "l": 0
  }
}